{
  "total_stocks": 4215,
  "avg_return": 0.043103801660470065,
  "median_return": 0.023852897974544904,
  "max_drawdown": -0.00041332818125858217,
  "max_drawdown_idx": 298,
  "win_rate": 0.5273732106127028,
  "total_trades": 48131,
  "winning_trades": 25383,
  "sharpe_ratio": 0.1788361032752553,
  "sortino_ratio": 0.17234237192246954,
  "equity_curve": [
    99987.82918149466,
    99995.39209170132,
    99999.04573446685,
    100006.41993034788,
    100020.89553699546,
    100033.40001924019,
    100064.21305859902,
    100085.16612031267,
    100092.6947909534,
    100108.90823624285,
    100123.60105408556,
    100141.36739582384,
    100183.89613100376,
    100195.49515186963,
    100202.57852335315,
    100208.31516219577,
    100212.52506519972,
    100237.58373354017,
    100229.20196207284,
    100220.7791082699,
    100234.80472071166,
    100254.06702001144,
    100270.233256404,
    100283.8453378317,
    100297.41212897378,
    100315.75466426805,
    100317.0046038112,
    100319.10642392022,
    100320.57171436406,
    100332.84034270333,
    100355.11116383762,
    100351.82356009124,
    100356.6244364273,
    100389.54926815,
    100366.84733735262,
    100386.28056280714,
    100404.98217273736,
    100418.84850964637,
    100421.12497087699,
    100410.27638909771,
    100431.6193345403,
    100445.99600122939,
    100472.98905870668,
    100490.26553522306,
    100494.21119319422,
    100500.86039202972,
    100503.61719877855,
    100507.85658635473,
    100517.07886727291,
    100543.0235162567,
    100566.1650564997,
    100571.50293701573,
    100584.21308119911,
    100570.11782225827,
    100580.59512181909,
    100582.94828053111,
    100608.83686820987,
    100621.27020331698,
    100621.24064305268,
    100613.59608298268,
    100654.75751191932,
    100636.2898024618,
    100652.90013622805,
    100670.53728951562,
    100678.97091962668,
    100708.15340220543,
    100704.29351867837,
    100708.81069851796,
    100721.25565848428,
    100725.06565161703,
    100757.53993254209,
    100777.28789709903,
    100782.39864687492,
    100782.9657149621,
    100827.680367016,
    100816.92771785948,
    100860.16610286475,
    100877.2244108766,
    100887.89062663668,
    100900.33057972389,
    100923.51478202788,
    100944.28973555424,
    100965.2615552361,
    100993.49564717774,
    101007.79931007714,
    100993.7415709217,
    101025.33341874812,
    101028.55405327796,
    101042.28561553544,
    101066.46218543769,
    101064.35479953184,
    101078.03015161514,
    101088.10203111217,
    101090.97067527632,
    101100.28435780351,
    101109.27220229346,
    101098.9850046413,
    101090.03451094696,
    101119.73739911261,
    101133.86956212127,
    101125.40085273219,
    101153.85873580324,
    101139.80110790761,
    101145.355851371,
    101149.49731423147,
    101146.69091104054,
    101123.18333622313,
    101113.68045002678,
    101120.84458872509,
    101150.75610555672,
    101165.12747386206,
    101194.3881738933,
    101210.03111035547,
    101227.88762798403,
    101239.635669731,
    101250.49056893044,
    101249.49941409216,
    101272.27541833949,
    101285.09385414328,
    101296.80959417451,
    101304.66584122468,
    101281.78232235687,
    101298.60341574663,
    101314.03678356884,
    101314.40498774029,
    101299.06858818274,
    101326.860422112,
    101355.00446675473,
    101358.77558889757,
    101385.26683900815,
    101398.40146628318,
    101409.09812727675,
    101420.2255984677,
    101447.13745606726,
    101452.53501844053,
    101461.58987881582,
    101471.3763832257,
    101470.55270206358,
    101462.31699161002,
    101475.03951525374,
    101486.138582357,
    101501.37658402682,
    101497.14727977845,
    101519.00824007421,
    101520.47132431198,
    101545.79308258348,
    101571.23090071396,
    101575.9838718378,
    101572.03439611917,
    101601.69098344787,
    101633.77135917911,
    101636.7186905534,
    101667.39107087487,
    101665.68635057005,
    101677.42877194867,
    101696.97793283715,
    101717.71519278752,
    101711.8315068496,
    101735.87989617576,
    101727.76863278059,
    101744.70802162284,
    101748.62725672213,
    101783.9350874909,
    101794.9859089858,
    101824.89559438066,
    101829.41495979429,
    101843.17002599801,
    101828.83084827605,
    101828.36811868916,
    101833.66332955738,
    101834.28789233904,
    101853.09426851677,
    101868.33388242124,
    101869.33391646521,
    101876.00236244897,
    101887.41504477678,
    101905.8369606908,
    101906.13639598487,
    101909.92800498854,
    101923.6950997511,
    101919.59118008219,
    101914.08778841149,
    101922.52859493144,
    101920.0768558004,
    101948.49904500121,
    101960.27112828857,
    101974.24088471316,
    101995.40923595571,
    102013.87227029364,
    102018.82064167106,
    102019.56964740317,
    102014.6821666097,
    102049.01930507719,
    102061.8540209573,
    102079.94989965919,
    102076.98488693919,
    102103.56454605851,
    102135.3581895858,
    102163.79513267249,
    102161.11335260532,
    102158.07805762955,
    102172.15786850548,
    102184.33843710915,
    102203.73458869885,
    102206.0510519838,
    102220.12958749158,
    102251.94524811921,
    102266.45909990187,
    102264.48269374401,
    102254.5855448849,
    102261.80034474218,
    102276.1350624327,
    102289.8612068816,
    102296.02147290323,
    102307.38539597658,
    102297.94364149593,
    102318.60808348158,
    102326.7827011352,
    102345.01990424769,
    102329.25812018335,
    102332.82488866689,
    102356.1370958076,
    102346.00383510317,
    102360.91012059267,
    102393.72907746812,
    102398.8349474696,
    102411.60964201967,
    102416.63339218945,
    102403.77990435081,
    102402.54906653387,
    102407.48780736883,
    102411.66616113049,
    102431.77990744419,
    102424.3936346819,
    102424.47690525338,
    102418.00091059026,
    102426.39030584469,
    102458.25738589364,
    102462.15871224308,
    102484.0086373537,
    102490.24969318608,
    102512.2723728067,
    102529.90395348541,
    102557.42933574863,
    102573.96903983348,
    102568.58039082123,
    102567.12998329237,
    102592.34198492307,
    102614.64261785163,
    102631.81111442277,
    102651.45986850142,
    102640.53422630815,
    102660.09594319634,
    102675.7541804327,
    102705.63791256578,
    102700.82041166234,
    102725.24095452858,
    102735.76176446058,
    102737.26846711215,
    102754.50925181498,
    102771.17336207152,
    102799.80159613276,
    102805.56041929104,
    102782.62733046024,
    102806.65889467065,
    102813.4184903507,
    102820.85913146609,
    102838.15055218955,
    102838.63576209189,
    102840.47654163415,
    102867.67811420264,
    102880.0808641961,
    102870.7838388213,
    102879.6660018276,
    102890.65663554812,
    102919.96264425835,
    102935.89871466435,
    102961.52868036857,
    102955.39362201864,
    102921.78813541088,
    102930.82276053018,
    102938.21030020826,
    102968.66997388477,
    102972.1119669473,
    102968.71767931679,
    102978.46191906181,
    103006.77501886917,
    103020.15897084029,
    103056.86812138918,
    103074.64972012446,
    103093.93955791647,
    103086.77680947213,
    103094.33969417494,
    103107.75314119145,
    103122.61155919751,
    103119.1232927299,
    103114.93100958687,
    103097.3578863025,
    103079.98807771511,
    103089.59820843302,
    103126.33396118219,
    103127.2757944305,
    103122.81227684207,
    103131.79435602958,
    103141.78635773095,
    103152.57250026743,
    103163.63476755828,
    103219.2261775633,
    103228.12875369942,
    103257.04102626725,
    103256.39068934714,
    103259.00268303943,
    103269.53452858378,
    103296.3908498112,
    103291.59996486799,
    103310.53647540385,
    103318.57589536493,
    103305.24508782428,
    103301.37921493199,
    103280.61861292744,
    103287.47506076958,
