{
  "total_stocks": 4215,
  "avg_return": 0.012778905465152812,
  "median_return": 0.0006130897349055158,
  "max_drawdown": -0.0005498593716440796,
  "max_drawdown_idx": 245,
  "win_rate": 0.5113185984876115,
  "total_trades": 41127,
  "winning_trades": 21029,
  "sharpe_ratio": 0.07296736095695941,
  "sortino_ratio": 122788819939.02365,
  "equity_curve": [
    99987.16725978648,
    99972.4912570549,
    99950.53315881471,
    99947.38332503928,
    99951.88656179306,
    99949.7589328452,
    99941.65461975624,
    99955.69174126674,
    99942.23348109423,
    99961.81028665858,
    99968.21275767632,
    99976.4901477419,
    99978.05646350334,
    99953.11252697534,
    99953.36717728352,
    99954.43615259067,
    99959.70115835781,
    99963.9501453477,
    99939.39728993662,
    99958.60286797071,
    99950.44717326018,
    99974.34674791367,
    99970.13544434743,
    99976.58078046166,
    99988.88648421413,
    100015.79988226555,
    100003.32842030868,
    100011.36675638253,
    100017.6938789831,
    100022.27421338866,
    100029.40693181485,
    100027.27427319174,
    100046.18129847954,
    100040.85397448171,
    100049.50639706319,
    100046.586902987,
    100047.72184044149,
    100057.65613262897,
    100072.5859093191,
    100086.8000782605,
    100101.52897159958,
    100102.22874269415,
    100116.41106079005,
    100125.65497500567,
    100124.80693086082,
    100122.89076276676,
    100115.43911890412,
    100122.91622474727,
    100132.89299387045,
    100135.05499527793,
    100146.02846125214,
    100177.27070725728,
    100177.98205179673,
    100178.8446090098,
    100186.02170590327,
    100189.33298161138,
    100215.86638636321,
    100218.46748460489,
    100236.55378642849,
    100237.54777356093,
    100246.30530686585,
    100252.93113040112,
    100248.80630476255,
    100244.37778391321,
    100268.017036424,
    100286.70627370365,
    100272.36970147271,
    100288.37701638805,
    100314.97525330631,
    100311.79926130488,
    100321.74387649169,
    100337.55262194455,
    100339.98231431762,
    100336.35659367821,
    100326.27284063918,
    100353.20846552342,
    100357.27521551301,
    100371.34055045509,
    100372.41111565208,
    100394.38885442128,
    100366.99253484659,
    100373.13311485526,
    100372.51098864972,
    100381.78342785235,
    100396.97768870776,
    100396.64226910827,
    100392.31628305744,
    100410.0139095337,
    100400.00812305127,
    100402.8324670807,
    100405.20239988624,
    100406.6536755489,
    100417.35497209604,
    100454.06008206423,
    100480.70900873849,
    100489.01524413477,
    100476.08446710104,
    100453.67719474735,
    100466.94872618771,
    100469.40125111294,
    100493.32969409373,
    100478.79939866747,
    100502.97719775827,
    100517.21802332286,
    100529.7654702679,
    100534.32927684563,
    100552.78720635243,
    100556.02540056212,
    100553.05247848383,
    100559.43270227914,
    100578.6288978819,
    100598.42710393685,
    100608.86203678425,
    100604.22024188725,
    100616.17258208212,
    100614.37627902153,
    100638.4670870978,
    100638.7847130812,
    100640.56501283695,
    100647.62916263785,
    100664.20108161937,
    100681.58302050922,
    100671.96345289894,
    100685.58638119904,
    100720.03151293982,
    100698.65536083512,
    100713.3494733814,
    100733.07067989888,
    100726.24154986053,
    100725.1879614755,
    100701.93607735762,
    100694.7153931117,
    100716.2858232559,
    100695.01826486406,
    100691.7410610785,
    100688.08894692236,
    100678.72481312553,
    100681.23277415412,
    100688.37774973003,
    100693.5356593484,
    100703.59167976058,
    100697.713371056,
    100716.67448718596,
    100726.81461277076,
    100731.71606128306,
    100721.39933054404,
    100732.01801617058,
    100756.16468621265,
    100748.24923412075,
    100774.68315816727,
    100771.23023884442,
    100782.24091965136,
    100798.32235435252,
    100804.39902755202,
    100805.35576555182,
    100797.62554457523,
    100802.0737073415,
    100802.67526906007,
    100802.70122548577,
    100803.99781957008,
    100819.80497933777,
    100822.15475724047,
    100842.65567904086,
    100832.33461623221,
    100843.84637794721,
    100859.06951160067,
    100851.91880541854,
    100866.32916268002,
    100851.14696561702,
    100858.7836362813,
    100867.73957580257,
    100872.79887413903,
    100892.85691826428,
    100911.92392301254,
    100913.89386942834,
    100921.61347986394,
    100926.97117005615,
    100926.51526001439,
    100916.20729335783,
    100917.24968842814,
    100929.14722961713,
    100919.90276164531,
    100909.40009462283,
    100892.44126094291,
    100894.03738666006,
    100903.87275031977,
    100908.8715675933,
    100921.9748483515,
    100928.4988164362,
    100923.81807635241,
    100947.43052465089,
    100945.75780803026,
    100946.82445227762,
    100945.07109854704,
    100959.1736412707,
    100963.43801778146,
    100976.04481217758,
    100977.86777460294,
    100990.48352825479,
    101012.09178611924,
    101007.14828111518,
    101006.60199613577,
    101003.08938435632,
    101007.14487704448,
    101007.6934768078,
    101003.9382951783,
    101006.22283609983,
    101001.50780301487,
    101008.20155488561,
    101021.74746182591,
    101026.77746144217,
    101024.2389742261,
    101000.90485985886,
    100997.4024362056,
    101013.08836008115,
    101021.97529944856,
    101019.64025588555,
    101026.25676488935,
    101040.08813384488,
    101040.19872432908,
    101037.03457325739,
    101033.69655923125,
    101031.94862913233,
    101028.17592686735,
    101013.79799677456,
    101013.13578637273,
    101022.49892710034,
    101041.00023177771,
    101046.13190607906,
    101067.57600267022,
    101069.89540559905,
    101101.29281180448,
    101126.72753485113,
    101111.93979150368,
    101101.42032144293,
    101099.65783650134,
    101086.07394102521,
    101094.13395844461,
    101092.25587559315,
    101087.67404674567,
    101085.17641439216,
    101087.84674294855,
    101098.63515551448,
    101094.18508407324,
    101095.26832575313,
    101071.1220559924,
    101080.54393942136,
    101082.85737780588,
    101101.11173786536,
    101104.3441671959,
    101131.56517504067,
    101144.84548115105,
    101173.2375686848,
    101194.39477641475,
    101179.66833708344,
    101195.15839759499,
    101205.31126954999,
    101209.35480575671,
    101215.63018255286,
    101221.7201100412,
    101218.62692821013,
    101234.520924414,
    101246.28829779831,
    101244.2469009946,
    101266.70358893697,
    101256.70236629833,
    101285.43269705625,
    101287.24015904289,
    101294.2873234358
  ],