{
  "total_stocks": 100,
  "avg_return": 0.30370154400093885,
  "max_drawdown": -0.011054360777184273,
  "win_rate": 0.6201117318435754,
  "total_trades": 179,
  "winning_trades": 111,
  "sharpe_ratio": 5.504874173877112,
  "equity_curve": [
    99964.0,
    99943.44197211607,
    100069.25389764666,
    100164.15113080032,
    100396.86623909185,
    100549.7969806983,
    100268.53115120606,
    100488.37401629571,
    100600.6136134902,
    100553.44231632649,
    100410.29287983803,
    100579.65682180088,
    100636.02404091746,
    100662.8854889923,
    100595.61312898011,
    100706.1753199221,
    100678.42440034979,
    100670.50336885494,
    100720.99689624719,
    100230.61676361105,
    100467.21001096556,
    100696.4835217404,
    100651.0269744401,
    100450.52462356769,
    101065.37351530786,
    101179.38957879985,
    101133.1443676037,
    101280.2180907104,
    101397.96551356565,
    101390.33366800386,
    101560.83252922154,
    101510.97698254476,
    101542.24241296254,
    101502.9606230841,
    101484.65605254106,
    101853.43887955524,
    101969.66672149157,
    102034.80672921355,
    101740.7364209205,
    101712.80714540265,
    101753.38743868288,
    101924.72360517576,
    102192.01033201316,
    102222.02660533518,
    102031.43963429755,
    102174.36798672586,
    102390.22028725548,
    102310.83624463277,
    102239.64390834174,
    102428.37224078327,
    102856.29916275307,
    102846.4261755652,
    102651.14006939456,
    103040.50430389747,
    102952.1046291526,
    102940.67198353235,
    103205.56313652883,
    103312.1318807491,
    103167.66026280721,
    102858.92859624902,
    102774.30498293083,
    102938.09639676765,
    102877.31973315608,
    102837.12932743454,
    103139.84090948278,
    103237.90496154939,
    103019.8575286518,
    103063.5516226116,
    103158.03803165615,
    103192.74177296182,
    103313.76761941817,
    103302.19424217992,
    103405.66800871944,
    103355.91139340342,
    103740.37038731853,
    103699.847721115,
    104136.98534735314,
    104359.41955648603,
    104423.85369696801,
    104506.80096711034,
    104732.13744892471,
    104846.88034871098,
    104952.6133642767,
    104928.88500082672,
    104604.53767032435,
    104568.89783923008,
    104873.50375261817,
    104873.85569189562,
    104896.7102428235,
    105092.63507791254,
    104938.14882144966,
    104912.1342518865,
    104760.36645398017,
    104790.95374929691,
    104555.3060013705,
    104743.35132869604,
    104498.06211707563,
    104369.12618726576,
    104224.95734674927,
    104155.14799025367,
    104131.10404897307,
    103930.90317473632,
    104174.97046195148,
    104378.85901187744,
    104308.54260507067,
    104474.19923360087,
    104672.04580007892,
    104950.27148303663,
    104839.57216587501,
    104712.24045421454,
    104916.37752448516,
    105038.62331336498,
    105331.94050921978,
    105421.13296375512,
    105584.73692230353,
    105553.36505912518,
    105259.9076802574,
    104937.47834335768,
    104893.54678053921,
    104762.2270815171,
    104870.5890477585,
    105035.09594854877,
    105106.52415831026,
    104911.85519253518,
    104789.18988172854,
    105014.85556286082,
    104888.04620914436,
    105036.80682843777,
    105371.97032087829,
    105621.40107963735,
    105481.20594316648,
    105469.98940227732,
    105514.73909564641,
    105728.93419989957,
    105834.7187121217,
    106009.66555037118,
    106331.90637150877,
    106360.67895797771,
    106242.50908636196,
    106190.66100855565,
    106381.32235576212,
    106404.7888341347,
    106770.05465448594,
    106870.01321609615,
    106699.65049188216,
    106820.21213804836,
    106721.36103111636,
    106812.40900560474,
    106821.18289047074,
    107095.94004645264,
    107285.39626058396,
    107516.1059314367,
    107681.52905690849,
    107319.49217409831,
    107458.72732215589,
    107561.97445521105,
    107925.56899245946,
    107745.17259829916,
    107803.7470943903,
    107617.00287187587,
    107824.5175915326,
    108014.73799644358,
    108231.989849128,
    108270.19362993212,
    108644.39150189307,
    108276.64651647964,
    108375.75503749019,
    108270.77811957452,
    108267.1437205405,
    108330.7234364693,
    108173.2941569298,
    108405.30312407057,
    108795.58101336,
    108666.33169891132,
    108785.09220177097,
    109131.1952305876,
    109456.97188063596,
    109391.41803495068,
    109547.65467285718,
    109565.23087209061,
    109514.38022416331,
    109724.73824444508,
    109961.08824684212,
    110016.33976254378,
    110238.79898673814,
    110493.73856632058,
    110987.39841171063,
    111067.4780365421,
    111014.13164753183,
    111045.12269067646,
    111007.51044615709,
    110580.88095584545,
    110947.22940369623,
    110999.92708601039,
    111120.51517615779,
    110980.20428378636,
    111113.74701525086,
    111171.01402254868,
    111057.70916338866,
    110924.11775054538,
    110837.34471029318,
    110733.62230546368,
    110802.38843918,
    110879.72460027605,
    110711.52231977326,
    110646.40953977012,
    110610.97437796228,
    110999.59560913133,
    110983.13291008901,
    110801.37376631022,
    110485.56125634059,
    110447.39281894552,
    110380.17111138295,
    110442.37607613059,
    110549.86269419255,
    110444.95604882202,
    110514.17242457437,
    110832.228612283,
    111062.69337531358,
    111134.78249821326,
    111185.66571538096,
    111277.79105911429,
    111144.3198717154,
    110953.75739920916,
    110496.60068805893,
    110660.57461195345,
    110747.69718571626,
    110852.94084096578,
    111043.49695658998,
    110994.64097710587,
    111054.25505257689,
    111418.16424577386,
    111331.50876826301,
    111647.0260531007,
    111761.23692134971,
    111983.42696328647,
    111950.157384541,
    112167.0177074863,
    112413.85338986051,
    112570.20140128452,
    112509.41444796644,
    112566.51587989915,
    112901.45555232152,
    113145.3621607224,
    113008.46232047265,
    113261.93092528277,
    112998.81818746151,
    113160.75981843194,
    113062.2370293238,
    113503.15688655598,
    113725.89542041707,
    113728.41893827608,
    114073.61843669419,
    114366.7841638145,
    114709.29936136279,
    114919.67188327621,
    114729.28331195554,
    114749.5871504089,
    114747.19774860278,
    114890.2380121742,
    114895.2414523841,
    115131.0196899592,
    114859.84803515136,
    115581.39614186525,
    115567.95140329783,
    115945.81412618681,
    116044.15888275696,
    115997.00306815919,
    116086.46035084428,
    115768.42887566704,
    115927.653807129,
    115935.51347570003,
    115782.7315702252,
    116122.42246084679,
    115802.24940680103,
    115817.35754555758,
    116154.50128826586,
    116366.04673826475,
    116134.64480710556,
    116370.5677575293,
    116309.84473027919,
    116353.8287195232,
    116867.60249059486,
    117564.06925609062,
    117759.13666967429,
    117679.34716063175,
    117956.16383894833,
    117721.42543443797,
    117701.29910297805,
    117483.45598666648,
    117593.61178692193,
    117501.13699402004,
    117800.55660490895,
    117734.56964016847,
    117952.2206827232,
    117808.80965717835,
    117978.40179009378,
    117919.39614238423,
    117745.72470697002,
    117513.19689899724,
    117690.43039685018,
    118245.94787849618,
    118261.96538473941,
    118599.26687833812,
    118376.71371127287,
    118607.80604558988,
    118845.44404523066,
    119175.57763492162,
    119122.48566424672,
    119285.70102597609,
    119267.60735086387,
    119323.52478133928,
    119558.70615876181,
    119482.04097193827,
    119404.20611333197,
    119451.24530782737,
    119596.22216912871,
    119620.08349317122,
    119671.41317359755,
    119750.14104116075,
    119732.04780413344,
    120148.2592618532,
    120462.49300924389,
    120366.1753348772,
    120577.8488025623,
    120600.21159879322,
