{
  "total_stocks": 4215,
  "avg_return": 0.1593865704874202,
  "median_return": 0.10183618829826054,
  "max_drawdown": -0.00039767505180408365,
  "max_drawdown_idx": 183,
  "win_rate": 0.5838235294117647,
  "total_trades": 6120,
  "winning_trades": 3573,
  "sharpe_ratio": 29.12862517118065,
  "sortino_ratio": 67.98440036887465,
  "equity_curve": [
    99956.6975088968,
    99941.12756262162,
    99971.3642726568,
    100009.02367736479,
    100033.43619165293,
    100062.521668713,
    100039.26463928529,
    100087.16527088506,
    100111.75214309424,
    100163.37864347348,
    100219.87775009389,
    100273.60909457016,
    100292.26928273842,
    100320.47502174244,
    100332.3936596957,
    100395.32660518157,
    100438.12279597153,
    100482.05817766751,
    100535.11063327787,
    100579.69296817388,
    100582.23609933203,
    100644.3249160736,
    100715.14805479087,
    100793.31201068642,
    100821.10078735185,
    100858.29928638329,
    100870.72693903258,
    100923.203478559,
    100967.165165463,
    101022.42717741453,
    101089.37046836982,
    101111.16622582541,
    101192.71536548852,
    101259.87098921824,
    101308.499722203,
    101337.54850537545,
    101411.66061149753,
    101492.42837363634,
    101563.7660744333,
    101589.64183210865,
    101651.58971395793,
    101763.7719590327,
    101860.06694057604,
    101889.68558593334,
    101900.38386743194,
    101907.59598256604,
    101962.5012825436,
    101953.12105396134,
    102004.71808695866,
    102109.20463628386,
    102134.30876735604,
    102246.04284530185,
    102292.90607603216,
    102383.85299480238,
    102464.39722693499,
    102511.73790737751,
    102615.1092562182,
    102667.84676710439,
    102738.87328779342,
    102804.20231525712,
    102854.39114645375,
    102921.56541736342,
    102957.0328597232,
    103014.31402752777,
    103065.5349348742,
    103108.57224832416,
    103125.45184088095,
    103227.38818352431,
    103284.81230179853,
    103318.49409178768,
    103363.32393180687,
    103477.93167291264,
    103575.5482180432,
    103571.66834048046,
    103618.8597305014,
    103696.51671239079,
    103784.83860161515,
    103827.25100648229,
    103911.3978391956,
    103954.53724320157,
    104009.12744865025,
    104133.71326120579,
    104223.23409974019,
    104338.71584774287,
    104394.76418094907,
    104496.6241689349,
    104525.17499558219,
    104596.69482596261,
    104637.26058601026,
    104694.47058166342,
    104732.90767499246,
    104826.50904689179,
    104898.08941129727,
    105000.34574242764,
    105082.24612923518,
    105124.36586039218,
    105149.12312821644,
    105188.35475257786,
    105228.1350731028,
    105247.51456888604,
    105334.256749406,
    105368.68790030446,
    105456.78032102008,
    105515.6473007379,
    105617.71439587726,
    105686.8563377761,
    105758.97363726732,
    105838.09010250692,
    105920.00813888578,
    105988.41859313453,
    106075.32650036157,
    106072.92276543989,
    106107.9058195097,
    106171.4912342258,
    106264.50040652568,
    106296.73703008564,
    106398.95481885798,
    106522.64795168562,
    106525.63751715505,
    106596.70631573974,
    106715.15549092475,
    106761.36133412858,
    106794.31233272153,
    106867.71799576521,
    106935.23018853141,
    106936.84896022908,
    107035.1353310016,
    107119.90251611937,
    107164.52450381119,
    107237.31884442182,
    107265.43207179957,
    107300.31021456997,
    107389.04164978728,
    107425.21219522909,
    107504.09122491028,
    107534.28176251093,
    107564.80092517921,
    107655.97412668352,
    107741.03491352347,
    107836.58331953094,
    107893.40069387907,
    107890.71933579548,
    107983.556972115,
    108038.75829560912,
    108110.22518597335,
    108122.25451083596,
    108203.93463934155,
    108331.24993123102,
    108403.86150016228,
    108503.04871378645,
    108544.2053936075,
    108580.54220309792,
    108639.19866132068,
    108721.21650232833,
    108790.51398552567,
    108883.46912932319,
    108978.34881216608,
    109017.53222549942,
    109071.25782938536,
    109126.06817771663,
    109229.2232308663,
    109289.11796038029,
    109351.81249572414,
    109416.12596389563,
    109445.159260876,
    109531.45170059236,
    109558.44219008583,
    109600.12056416334,
    109631.3945132605,
    109713.58972728327,
    109808.2032136271,
    109900.74620256279,
    109982.28758908882,
    110047.76182603824,
    110122.18820005606,
    110144.42293004156,
    110187.44790545956,
    110270.68362021884,
    110300.88249101244,
    110322.37347298942,
    110351.63012859973,
    110401.51989291082,
    110456.743622002,
    110412.81773076001,
    110494.13531840254,
    110543.39901147819,
    110632.6863388991,
    110707.00659824593,
    110731.97740885294,
    110758.34693888183,
    110829.31921061997,
    110872.72885419182,
    110881.72063411615,
    110967.55884404565,
    111048.03199759607,
    111133.69269953213,
    111235.94022675592,
    111345.9990916289,
    111406.77217752577,
    111552.62349829102,
    111582.52597333743,
    111643.15817409322,
    111645.28221990014,
    111747.13283210222,
    111811.31034670428,
    111856.56599980166,
    111921.6431843746,
    111985.05426663187,
    112093.53846692758,
    112122.84585952056,
    112199.7184427524,
    112303.61362458322,
    112355.37986620014,
    112424.4035207817,
    112432.38403025758,
    112518.9756740755,
    112556.51278336094,
    112670.46388253492,
    112702.90350472051,
    112719.7761200472,
    112751.22668714158,
    112793.2330036543,
    112885.80245852962,
    112963.22570768555,
    113001.07816361617,
    113077.10591039523,
    113154.79735435451,
    113248.9078336055,
    113363.11159023158,
    113451.16184526654,
    113551.85312464001,
    113593.23239463192,
    113686.0889937894,
    113763.66020654705,
    113786.94645552628,
    113822.21805974089,
    113786.65143079121,
    113838.06448041157,
    113963.40299750387,
    114011.65085344006,
    114026.4290093195,
    114075.98113981636,
    114187.17951960825,
    114226.59525072078,
    114315.1143292077,
    114309.27716255245,
    114353.85712831866,
    114487.63053125869,
    114559.31267357906,
    114621.33793073766,
    114696.27914488735,
    114773.32349429114,
    114860.57047534233,
    114919.96904302755,
    114979.87686993614,
    115084.88946096571,
    115220.96888949927,
    115322.10709669071,
    115395.04990850568,
    115487.98028849065,
    115493.19664099516,
    115587.46954359587,
    115714.5100408048,
    115782.0667198641,
    115885.20302056191,
    115909.0095453845,
    115988.43115735224,
    116013.19323029752,
    116040.53195579589
  ],