{
  "total_stocks": 4215,
  "avg_return": 0.025101808275459082,
  "median_return": 0.009953123043419764,
  "max_drawdown": -0.0005649657230892312,
  "max_drawdown_idx": 240,
  "win_rate": 0.5211872146118721,
  "total_trades": 32850,
  "winning_trades": 17121,
  "sharpe_ratio": 0.1483522320685677,
  "sortino_ratio": 0.18269301175244304,
  "equity_curve": [
    99987.16725978648,
    99972.4912570549,
    99950.53315881471,
    99953.99081239825,
    99953.78596374723,
    99945.1469287003,
    99937.31136395808,
    99962.24911778906,
    99960.00201491026,
    99982.95875840067,
    99986.78864709198,
    100004.15957449473,
    100007.6773883419,
    99988.00814285867,
    99984.7723271231,
    99996.39806558588,
    100019.4959401084,
    100027.52309617221,
    100010.87919016925,
    100035.49324588428,
    100026.00546954393,
    100058.21304967749,
    100055.87380358636,
    100069.05601254587,
    100097.4764207178,
    100133.79202308894,
    100125.56809390563,
    100134.27742533227,
    100146.66549153326,
    100151.60150465756,
    100162.52918801976,
    100157.78307603068,
    100167.53191346776,
    100166.03041799432,
    100176.2946384741,
    100188.72040529911,
    100188.00679015432,
    100197.96117753485,
    100206.25253391276,
    100227.82551919633,
    100258.23145388196,
    100270.51141091262,
    100293.98971824758,
    100318.21650911172,
    100311.59769308583,
    100304.65425459745,
    100298.86467803972,
    100306.77138208855,
    100316.58678656131,
    100341.68979324395,
    100351.58915397376,
    100391.57200798442,
    100404.61862144677,
    100410.9830100378,
    100428.14008493662,
    100435.44228506484,
    100457.87656622521,
    100463.42732713328,
    100473.83887536611,
    100470.37486450309,
    100487.7096416316,
    100496.91224795762,
    100495.98080772092,
    100501.84810374708,
    100516.33208197104,
    100534.47282602261,
    100538.45519246474,
    100562.71578116498,
    100598.22352749133,
    100590.82110258518,
    100607.12781390194,
    100636.95644683942,
    100642.25339221302,
    100634.27421607745,
    100628.37102329305,
    100659.54966947892,
    100663.14122061721,
    100679.50822074892,
    100694.83425297568,
    100719.06251454072,
    100705.96472255467,
    100728.85387575772,
    100724.21704100889,
    100747.04731352975,
    100764.90893030842,
    100774.33073828166,
    100776.29429832303,
    100804.55226998795,
    100797.59110633112,
    100812.18957104195,
    100825.74260077323,
    100842.25433560174,
    100856.31876106898,
    100889.5199039244,
    100909.50740649142,
    100925.67529341938,
    100913.97784159367,
    100893.83519705325,
    100901.65190154308,
    100905.51401504825,
    100945.46643837244,
    100939.87192180591,
    100969.23874808975,
    100988.61658465868,
    101017.62541714174,
    101034.12804837355,
    101060.86942803882,
    101077.21286514863,
    101080.67945296549,
    101088.66686157214,
    101116.20984403552,
    101147.51984550554,
    101159.51802043537,
    101156.11866149186,
    101161.64195737847,
    101154.7260957175,
    101177.5951779912,
    101179.02272699222,
    101186.6329135865,
    101202.25222595247,
    101220.13679599509,
    101237.91911101394,
    101231.59669199341,
    101240.92165088558,
    101277.31328780277,
    101251.08408396876,
    101273.95684616461,
    101300.0562190266,
    101294.28406795708,
    101298.59334285647,
    101282.34719564983,
    101286.47579135187,
    101308.52929146282,
    101296.0291690106,
    101294.69771844319,
    101286.46553709377,
    101281.42253372811,
    101287.9748946108,
    101297.16188422937,
    101305.02645683954,
    101324.28794374834,
    101318.39803641538,
    101341.40716124783,
    101348.18716963925,
    101361.06523551165,
    101345.70348043035,
    101359.47538962064,
    101382.98849514435,
    101377.8966617045,
    101410.21607208472,
    101409.01617856897,
    101435.57389305781,
    101454.02503003481,
    101455.82496723079,
    101465.9526778577,
    101465.40946029413,
    101475.50676070573,
    101472.13221330543,
    101486.09813665031,
    101489.05135600815,
    101508.1986418065,
    101519.36508750851,
    101537.0204616565,
    101532.96788260028,
    101539.95110173883,
    101570.78576720358,
    101570.64258961863,
    101594.08559275405,
    101572.10121066535,
    101589.95148689022,
    101610.58080982968,
    101617.17549247695,
    101627.26560229261,
    101648.63307674765,
    101655.3610481758,
    101677.9794906303,
    101682.43630409123,
    101689.90746823803,
    101687.98858331666,
    101695.50326874884,
    101694.17627591551,
    101688.55325081163,
    101696.04307037007,
    101684.61415674892,
    101685.380730691,
    101703.5914427977,
    101711.89097940375,
    101736.53762217646,
    101750.99712078762,
    101749.18623834013,
    101776.9935626151,
    101781.01780297687,
    101776.96246381571,
    101796.3137044268,
    101820.3270687809,
    101816.80584237179,
    101826.34941686403,
    101838.20464999192,
    101857.9488973344,
    101895.54465194615,
    101894.26816483434,
    101897.9910589543,
    101888.53757686725,
    101906.07186897492,
    101916.1145181546,
    101915.86663568142,
    101921.19310304779,
    101931.5241957718,
    101944.87090023425,
    101955.29904688483,
    101967.12486794028,
    101978.18744741092,
    101969.79082683413,
    101969.10400191623,
    101992.46704817134,
    101995.83091875822,
    101996.6633154223,
    102005.99585015187,
    102018.92187455912,
    102020.36552148718,
    102019.67587221587,
    102024.38159069367,
    102032.21928846028,
    102028.43544080708,
    102018.97637782202,
    102018.35583744326,
    102043.53092194426,
    102077.05849982367,
    102085.84771571516,
    102112.51649474665,
    102117.62468267078,
    102163.59086637748,
    102203.07925038625,
    102194.44955290173,
    102185.0262038617,
    102173.30146454013,
    102148.27934879935,
    102160.54704939794,
    102155.709410895,
    102161.74793245846,
    102145.3380138156,
    102157.10176389318,
    102170.10223894268,
    102166.66439559805,
    102172.74230573763,
    102164.52289923064,
    102182.63626780263,
    102213.06345196531,
    102235.34970745888,
    102226.61935927573,
    102254.20301126577,
    102285.30340326045,
    102321.1722391245,
    102345.0776800834,
    102349.21261894614,
    102360.65216972456,
    102394.50632419935,
    102395.77829681215,
    102399.21393700958,
    102415.0993088814,
    102412.28348620534,
    102447.22101876246,
    102457.23947845402,
    102455.38055208928,
    102486.31623227539,
    102478.74367657481,
    102518.98644086283,
    102520.19837279743,
    102532.12040840626
  ],