{
  "total_stocks": 4215,
  "avg_return": 0.0037264242102240997,
  "median_return": -0.004815237386415393,
  "max_drawdown": -0.0009392247622016918,
  "max_drawdown_idx": 18,
  "win_rate": 0.5053096436274006,
  "total_trades": 48685,
  "winning_trades": 24601,
  "sharpe_ratio": 2.169373804605679,
  "sortino_ratio": 3.5840159290869362,
  "equity_curve": [
    99987.16725978648,
    99968.58725042647,
    99948.48666676431,
    99953.66552208357,
    99957.20147199638,
    99955.11062037219,
    99945.52824644817,
    99955.2590871394,
    99942.34862876986,
    99952.43713341746,
    99958.44370077002,
    99960.04132683024,
    99955.38398009549,
    99920.14989337014,
    99919.57028460139,
    99924.65406495711,
    99921.11264923714,
    99920.5986290494,
    99893.25683639369,
    99902.51073985068,
    99893.90119797894,
    99911.60926676511,
    99906.67458356306,
    99907.17989367661,
    99918.86263051568,
    99940.52209848879,
    99931.53704123432,
    99921.61553363221,
    99925.32311861083,
    99924.50247356368,
    99932.05718443815,
    99931.61388671925,
    99941.09726319367,
    99934.49204551548,
    99943.14410797725,
    99943.8947911828,
    99941.57611471799,
    99937.79418707239,
    99942.5978856304,
    99939.55562504366,
    99949.42392771028,
    99946.50289704757,
    99960.12302129193,
    99969.66805422989,
    99962.9570491214,
    99954.64112423734,
    99945.42082589724,
    99954.66591730951,
    99959.25642746464,
    99963.61543627016,
    99967.34718596467,
    99990.68528369226,
    99985.20772556275,
    99983.19082784177,
    99981.09245374292,
    99976.1148383403,
    99994.59825084206,
    99992.5711075437,
    99997.60930777853,
    99992.18567507774,
    99999.04493479569,
    100004.08347837767,
    99995.44382763335,
    99992.87165418218,
    100002.4527014656,
    100011.80241463362,
    100006.24587686046,
    100020.47819304555,
    100031.3465375318,
    100017.073769897,
    100022.82538994393,
    100037.64257106124,
    100034.55789159673,
    100027.64818907148,
    100019.88753060302,
    100035.63762248617,
    100033.3203286518,
    100050.15870585271,
    100048.81985804507,
    100056.05307625353,
    100020.877110977,
    100016.1771893237,
    100013.14902577964,
    100020.13508388956,
    100034.50422653888,
    100035.90251483412,
    100037.81182803001,
    100050.45090170711,
    100036.17665434966,
    100033.10038187605,
    100034.27092584515,
    100034.06002983835,
    100026.25191911956,
    100060.11178629313,
    100078.59277073368,
    100083.33917980576,
    100068.81539420101,
    100047.50662903502,
    100054.52683635599,
    100048.3204184372,
    100062.54530235157,
    100047.13148566826,
    100066.38940674801,
    100072.88225578249,
    100088.15361243165,
    100088.99092837887,
    100102.21317160127,
    100109.93363724898,
    100114.86928400537,
    100121.65081236433,
    100132.31319210363,
    100152.49269030619,
    100158.62320527564,
    100147.64474287404,
    100142.89643447378,
    100133.50014590619,
    100145.77921279051,
    100143.46631248394,
    100147.97453918985,
    100144.43605205564,
    100151.04871937982,
    100165.90139400217,
    100150.6588316677,
    100158.93183829379,
    100183.8485429273,
    100167.16869909021,
    100170.80223492617,
    100186.1723558233,
    100184.04771480351,
    100182.20550711284,
    100166.5054986353,
    100161.46592673469,
    100171.08259243771,
    100148.60292188384,
    100135.11464624482,
    100124.75251172017,
    100112.4003904414,
    100118.02846874739,
    100124.86629540475,
    100126.36632094374,
    100132.86856296688,
    100122.83956123472,
    100135.20648939165,
    100139.69566943732,
    100143.0153977565,
    100131.8170066422,
    100135.55403034868,
    100149.59199213672,
    100145.1083286981,
    100167.35997661835,
    100160.30178827728,
    100171.73633482897,
    100175.64930083432,
    100170.57110611383,
    100168.77645371691,
    100166.68299771805,
    100169.70064318193,
    100178.87796925727,
    100178.01255433891,
    100175.97351942318,
    100190.39041739667,
    100189.36513431877,
    100210.34954126803,
    100205.07467726475,
    100218.1786068382,
    100230.72420761315,
    100219.14675077291,
    100231.18802814705,
    100223.37589108609,
    100227.40711017358,
    100228.99029619175,
    100237.19441624517,
    100249.71570486618,
    100254.59130221138,
    100248.50948631283,
    100255.42477387364,
    100263.17188740488,
    100253.11324619775,
    100255.23530530698,
    100252.19847109338,
    100276.52606403638,
    100264.32591186659,
    100255.86488995833,
    100245.25400857623,
    100251.95737761866,
    100257.56899081216,
    100262.73920031429,
    100275.41021355503,
    100275.02053177009,
    100268.40039786418,
    100284.43885877197,
    100282.78533148655,
    100284.06219782257,
    100284.96982028492,
    100289.91481703239,
    100281.68620146565,
    100290.36180448117,
    100284.97903268243,
    100292.94359171955,
    100307.61271890986,
    100299.18370751344,
    100295.66823542879,
    100280.96680428876,
    100286.95977513844,
    100287.38557756161,
    100281.71642090833,
    100281.81272554841,
    100278.74313766244,
    100283.99579730286,
    100298.5326337563,
    100294.5988432345,
    100291.91209004215,
    100278.4593838959,
    100268.96161465065,
    100282.59866459777,
    100302.69010814292,
    100292.32035921238,
    100288.73877638359,
    100293.0223279261,
    100291.72632124551,
    100291.90467975872,
    100287.22374448061,
    100290.96394352904,
    100287.03386707808,
    100272.67952463732,
    100266.54729836345,
    100273.6733802386,
    100288.56856564966,
    100291.63093109352,
    100306.99376232795,
    100302.9849222058,
    100335.79278844743,
    100353.65384818769,
    100350.37948296501,
    100337.95829384943,
    100337.48866730824,
    100318.3092138264,
    100321.79837388571,
    100320.29974359574,
    100319.43493078148,
    100311.938776668,
    100308.0906216927,
    100301.31200606145,
    100296.9781430145,
    100291.70794488952,
    100276.69400493785,
    100284.7172758684,
    100285.32097403021,
    100305.29338986863,
    100305.62179645861,
    100320.03171304349,
    100325.38361074403,
    100340.57443736095,
    100357.87483958794,
    100337.95108715267,
    100349.72122887694,
    100351.00010225452,
    100347.49817411264,
    100352.3885750417,
    100360.85020903611,
    100356.58138668473,
    100369.05686468145,
    100377.99654075346,
    100366.56768171475,
    100387.74962751393,
    100367.67362046718,
    100392.00108821734,
    100377.51867590313,
    100386.03947301435
  ],