{
  "total_stocks": 4215,
  "avg_return": 0.022827404316356673,
  "median_return": 0.007355048812598834,
  "max_drawdown": -0.0008908509788053348,
  "max_drawdown_idx": 107,
  "win_rate": 0.5153105424496868,
  "total_trades": 60024,
  "winning_trades": 30931,
  "sharpe_ratio": 0.10701425367437101,
  "sortino_ratio": 0.10806279491143489,
  "equity_curve": [
    99987.82918149466,
    99995.39209170132,
    99999.04573446685,
    100000.54651430418,
    99997.55860548957,
    99994.4665996861,
    100005.92771409238,
    100026.3881244042,
    100032.35210812507,
    100048.80864652415,
    100060.28030106549,
    100071.6995176568,
    100119.65529937555,
    100118.78403870048,
    100126.96016067413,
    100133.03085116395,
    100127.18681509301,
    100150.19051111622,
    100141.17316817214,
    100133.36540598699,
    100142.64903534044,
    100152.91600932577,
    100161.5451161829,
    100162.92849137352,
    100179.47255998956,
    100195.63044926559,
    100195.06582223755,
    100183.69312738412,
    100174.56944340859,
    100180.88837922324,
    100197.2564959393,
    100193.03553734814,
    100192.14871231666,
    100225.06359269984,
    100200.43117379241,
    100222.00039784398,
    100242.723767366,
    100249.17303346113,
    100252.59437859515,
    100246.16951671282,
    100263.85157956081,
    100274.99562123259,
    100295.39268109089,
    100303.86683147024,
    100303.14693547088,
    100305.77894460509,
    100295.61732286845,
    100302.97038390582,
    100312.10946423664,
    100331.84307628273,
    100335.08886239251,
    100332.33319770671,
    100347.08371524567,
    100339.87332321946,
    100341.28203324508,
    100332.77948405952,
    100346.19919137872,
    100359.9631443312,
    100351.5968814224,
    100335.58168440967,
    100371.04745166618,
    100353.27810072272,
    100354.87484298433,
    100369.92980015553,
    100372.99310684127,
    100389.88040071396,
    100382.65286631724,
    100389.48324214132,
    100404.4808157003,
    100407.8186329081,
    100439.38933148334,
    100448.56744050757,
    100453.87308888366,
    100463.60879847809,
    100494.18457578441,
    100482.3534780744,
    100507.62422689285,
    100518.58575084871,
    100510.93060217777,
    100523.02556251366,
    100536.66570053388,
    100535.17826360928,
    100551.93023282768,
    100568.99201647323,
    100576.40501407036,
    100570.79176120006,
    100594.79554651593,
    100604.93366407316,
    100621.95916168852,
    100628.349558598,
    100625.62152199044,
    100644.95649444699,
    100648.45028028631,
    100655.89474404989,
    100663.13020275642,
    100682.57256377893,
    100670.87350207669,
    100666.83467821185,
    100690.98589353796,
    100688.13320867854,
    100677.78944672763,
    100688.77091479397,
    100670.78875240234,
    100658.4601574698,
    100650.17604746943,
    100643.53219720004,
    100617.93768738343,
    100601.28523019783,
    100607.67157001908,
    100631.70092718558,
    100631.79037064784,
    100647.69598562516,
    100663.22630705842,
    100670.84977862473,
    100685.95596382374,
    100690.38101263059,
    100684.70270126665,
    100698.98909794113,
    100712.25022204155,
    100702.93967789409,
    100710.11629198349,
    100689.32339032098,
    100706.35796794997,
    100704.97025390164,
    100707.72414627284,
    100690.07341120257,
    100717.07626254547,
    100738.0612448327,
    100731.04591040811,
    100744.92436478389,
    100751.74519762797,
    100753.25611148415,
    100764.85029231913,
    100782.8124771012,
    100791.46127800073,
    100801.50824270824,
    100811.09671226518,
    100813.36453304367,
    100806.80850669194,
    100818.04619624757,
    100830.09324427534,
    100844.10040632963,
    100840.44868466459,
    100857.75597180713,
    100846.44955245387,
    100854.75329421414,
    100871.85376233085,
    100877.74294026147,
    100869.12512088848,
    100899.84066464711,
    100911.61477485295,
    100912.82241769363,
    100931.77633028061,
    100938.38268651489,
    100944.39413035041,
    100960.03703684021,
    100963.78416990083,
    100959.92049419001,
    100984.5351073606,
    100966.00484220777,
    100977.55248845022,
    100971.67203359031,
    100996.18011672904,
    101003.82176889037,
    101014.05178030509,
    101015.34341688333,
    101018.51583230277,
    101004.88299696111,
    100997.69321904262,
    101001.68071394504,
    100985.89310931128,
    100993.45920462471,
    101015.97274317876,
    101026.05007449703,
    101024.55393262836,
    101033.18394970876,
    101050.42842784793,
    101040.22612147845,
    101037.5153522216,
    101039.50475377703,
    101040.5122394526,
    101037.77880648414,
    101041.046442294,
    101027.2265233864,
    101038.47586367134,
    101052.76074027357,
    101060.64001139805,
    101079.19996191392,
    101084.76162720018,
    101081.61451989399,
    101076.23525356431,
    101061.3702173816,
    101091.26798236836,
    101105.67245668249,
    101123.70491764815,
    101114.25263664495,
    101126.41509937469,
    101145.64508952892,
    101166.37447612127,
    101155.37362453404,
    101153.24500691697,
    101156.96306267078,
    101168.91747535286,
    101173.7533716546,
    101159.42220259062,
    101175.03998338425,
    101200.89498557837,
    101208.34207425891,
    101210.30952193146,
    101196.91930918873,
    101208.09587160671,
    101218.24502178024,
    101222.53374959945,
    101227.89974611772,
    101241.04972363546,
    101229.7001637094,
    101231.50281149568,
    101224.70811171793,
    101229.29396417216,
    101220.12390760203,
    101219.59153867901,
    101223.61628407109,
    101225.75850457863,
    101241.61115522096,
    101270.75192234994,
    101276.57488214123,
    101292.8268231461,
    101286.51406360806,
    101265.46649027347,
    101262.28187358397,
    101255.5145642734,
    101255.56353305116,
    101266.97603512056,
    101267.98915359797,
    101263.65651974991,
    101259.30032000679,
    101269.22157617778,
    101283.15572108705,
    101294.22864619186,
    101299.34749395416,
    101304.6227767906,
    101317.98233376985,
    101332.356785088,
    101349.71526187718,
    101368.47215070298,
    101358.66624896394,
    101345.80664083184,
    101369.0937839346,
    101384.98626772308,
    101397.19072733249,
    101411.03678252555,
    101392.98935997384,
    101410.9307516868,
    101410.29267000909,
    101424.47164969087,
    101424.36715611964,
    101430.97826508299,
    101435.14312245723,
    101438.6832647419,
    101450.92008437114,
    101458.50226711424,
    101487.82033329568,
    101499.8403679506,
    101482.01844853134,
    101497.15898962572,
    101495.25167484993,
    101506.8120186199,
    101515.41242265969,
    101499.39676163852,
    101511.09770602635,
    101537.44033670856,
    101538.8262756378,
    101533.04982677674,
    101545.20429936778,
    101546.13287723856,
    101562.03450890096,
    101578.67177192701,
    101611.62911317739,
    101602.44985257,
    101571.9649402713,
    101576.0343463656,
    101585.2735014341,
    101610.5023505876,
    101618.75308654034,
    101621.82777206457,
    101625.14504355838,
    101634.63209034492,
    101637.6510345453,
    101661.9768622392,
    101675.5319219822,
    101692.7512403369,
    101680.69351193479,
    101687.88499659265,
    101701.57187321782,
    101705.77517721814,
    101719.07772607356,
    101714.27010769067,
    101701.81916634005,
    101690.96329438331,
    101696.29794525364,
    101714.55503822603,
    101708.8356499179,
    101703.96380397277,
    101699.46519651414,
    101706.22190402202,
    101713.15720156896,
    101723.69419206833,
    101765.22214695178,
    101777.153606832,
    101811.02608219848,
    101802.9279505752,
    101811.68790587262,
    101806.89714094851,
    101806.12152878671,
    101805.47207712881,
    101820.61180554025,
    101818.49455289317,
    101812.70281933043,
    101808.74957042761,
    101792.64334393674,
