{
  "total_stocks": 4215,
  "avg_return": 0.018711076246069356,
  "median_return": 0.0037017527468116897,
  "max_drawdown": -0.0005734897911419334,
  "max_drawdown_idx": 6,
  "win_rate": 0.5182006842784228,
  "total_trades": 35658,
  "winning_trades": 18478,
  "sharpe_ratio": 8.727580576027725,
  "sortino_ratio": 17.294840503704577,
  "equity_curve": [
    99987.16725978648,
    99972.4912570549,
    99950.53315881471,
    99953.99081239825,
    99953.78596374723,
    99937.25304266144,
    99929.8256401178,
    99942.67552675284,
    99932.52320452021,
    99962.16837446451,
    99960.76389149686,
    99970.39250239148,
    99968.42363393998,
    99951.69075315016,
    99951.34689537116,
    99957.53908275806,
    99966.0005539587,
    99974.88085494286,
    99957.5192888131,
    99979.93763368115,
    99963.89666735171,
    99988.38879905362,
    99988.87337023702,
    100001.94490292692,
    100020.90396862224,
    100047.87636043428,
    100034.03934946083,
    100041.50030488729,
    100049.14188002922,
    100060.96188077341,
    100065.90847879923,
    100058.24820598299,
    100070.36504817677,
    100068.55739392249,
    100075.75825307991,
    100083.61806029735,
    100082.3595384252,
    100090.90873931567,
    100104.25530302792,
    100118.86639224969,
    100139.47982870424,
    100148.73766448049,
    100170.52227054373,
    100190.5079639439,
    100187.57209932883,
    100184.5537528383,
    100180.18384590712,
    100190.43788396247,
    100194.61582169944,
    100210.64052457154,
    100226.71766012929,
    100255.4610207666,
    100263.282727329,
    100258.50655682248,
    100272.41481430881,
    100277.89774710788,
    100304.71383805525,
    100311.71501897847,
    100323.98146412187,
    100314.0230569331,
    100324.85550758697,
    100338.84883092946,
    100338.3314902062,
    100341.86934707928,
    100357.88355959897,
    100373.0052082175,
    100370.04468443515,
    100388.96745084689,
    100421.89185601898,
    100415.43181357229,
    100431.03087613352,
    100442.70873380695,
    100449.93043907046,
    100441.17884936757,
    100427.77680765987,
    100459.97166016407,
    100467.19123967897,
    100481.12647769095,
    100495.12916836835,
    100519.92657733528,
    100505.23882520018,
    100516.85171181419,
    100516.1216649071,
    100524.20249402248,
    100535.81976495977,
    100541.68606557405,
    100545.00202261623,
    100562.02458247558,
    100558.49456823985,
    100571.63965263202,
    100587.64403290371,
    100600.9808867261,
    100617.35427628293,
    100649.59129895548,
    100663.63341474258,
    100679.03694150041,
    100672.30628935885,
    100651.20506118704,
    100661.84567775304,
    100668.26461712374,
    100697.0236292585,
    100683.68533116544,
    100712.00606675658,
    100727.24957466802,
    100745.80286663423,
    100759.70186910963,
    100777.23347166495,
    100779.56812121095,
    100778.89212397336,
    100784.37111695673,
    100809.36378140372,
    100836.4301065445,
    100856.23729310487,
    100858.0472077688,
    100866.81806965492,
    100867.31939847686,
    100889.25909782971,
    100891.64211221665,
    100905.6181603041,
    100918.56689791025,
    100944.05155839043,
    100957.2146629537,
    100947.2946150805,
    100962.31358157913,
    101004.50195248409,
    100982.51403252708,
    100992.32167444911,
    101010.93908004808,
    101012.95041129744,
    101013.96727017435,
    100987.44651724084,
    100980.55921280893,
    101003.38486364883,
    100989.22276340138,
    100992.3553194205,
    100987.88204477735,
    100981.46626877385,
    100991.08493367689,
    100996.26757633626,
    100999.2299746853,
    101013.32871202151,
    101003.0191274937,
    101019.03376792205,
    101023.59229235582,
    101039.59627226449,
    101027.28925375019,
    101035.67804320305,
    101061.11637681942,
    101045.22504711067,
    101077.84953693618,
    101076.38739845777,
    101097.51209016665,
    101121.57257359501,
    101127.07260055322,
    101135.67041699636,
    101124.41031581437,
    101135.64069288725,
    101134.08402483832,
    101142.65729015556,
    101141.73926115475,
    101148.85671040529,
    101160.14041831679,
    101179.55203462909,
    101172.6527309196,
    101178.409807624,
    101206.08445525826,
    101198.68900146514,
    101228.37427106079,
    101212.00165726918,
    101230.09754735033,
    101250.8685952412,
    101266.64070848245,
    101284.85005503241,
    101303.01056765721,
    101304.50274260233,
    101313.07491018824,
    101319.10496099698,
    101317.9603625701,
    101306.22672020768,
    101313.79009569869,
    101316.24188170882,
    101312.82922540368,
    101310.81107867476,
    101295.02211439837,
    101298.67542179943,
    101317.84144463294,
    101326.69508465836,
    101344.07367931337,
    101349.67097922208,
    101344.74671937598,
    101368.75400843615,
    101365.80929807837,
    101364.87315568783,
    101370.53846362815,
    101389.48811224765,
    101385.69154586083,
    101396.39535811098,
    101405.27052777528,
    101417.50429215074,
    101451.91357576258,
    101451.71423832528,
    101440.70651307296,
    101425.71079519561,
    101434.52941990473,
    101443.44384096892,
    101443.31390675229,
    101450.2037635473,
    101445.32320525374,
    101451.12884176035,
    101463.61382260612,
    101465.32551875229,
    101459.70433395825,
    101439.43271820401,
    101436.89941651182,
    101447.3120079109,
    101455.59301497319,
    101457.98112009505,
    101465.55933088444,
    101483.33393555823,
    101481.11144265888,
    101479.31563950895,
    101476.26735473501,
    101473.03447347815,
    101474.54565567944,
    101455.74404956427,
    101460.24042063068,
    101473.79610287499,
    101493.66315118398,
    101497.96670960967,
    101519.78249554087,
    101516.37100829282,
    101555.90171062168,
    101582.66645876828,
    101578.09244355846,
    101574.81557266087,
    101575.24788285371,
    101560.92508345295,
    101565.6390519249,
    101567.08305791908,
    101567.42758320154,
    101556.40175512836,
    101573.93583052265,
    101589.01766699136,
    101590.08866745148,
    101595.68760069984,
    101580.34555258747,
    101597.01599670644,
    101611.86233363634,
    101631.52593167611,
    101625.772458708,
    101644.38825014309,
    101671.86735647672,
    101705.21366531804,
    101732.59267141424,
    101732.05347370567,
    101747.84278066694,
    101769.65040610965,
    101774.55060984692,
    101776.28365249901,
    101787.74943635183,
    101776.38106807467,
    101805.49760295013,
    101820.883163839,
    101824.08890524042,
    101849.65137037238,
    101846.5011694559,
    101874.66034849518,
    101881.09336295113,
    101890.4056603519
  ],