{
  "total_stocks": 4215,
  "avg_return": 0.03367678162274206,
  "median_return": 0.016960478302643023,
  "max_drawdown": -0.0007452164677187002,
  "max_drawdown_idx": 107,
  "win_rate": 0.5204607747302245,
  "total_trades": 52173,
  "winning_trades": 27154,
  "sharpe_ratio": 9.876172231702887,
  "sortino_ratio": 19.173311844030987,
  "equity_curve": [
    99987.82918149466,
    99995.39209170132,
    99999.04573446685,
    100006.41993034788,
    100020.89553699546,
    100026.10046342819,
    100046.27941852054,
    100065.67380781427,
    100070.07058926896,
    100089.83966994898,
    100101.34167068146,
    100123.75626601148,
    100163.21430339418,
    100170.14821853518,
    100184.71419918018,
    100192.48057343723,
    100194.96416951218,
    100224.48843056415,
    100216.9237506633,
    100204.75717089286,
    100220.64466656749,
    100235.77884803363,
    100253.65949263879,
    100268.60059626128,
    100285.809796836,
    100300.28263293878,
    100306.86791879866,
    100305.76915026162,
    100305.20790389588,
    100302.84588327867,
    100328.72204255214,
    100328.02586817613,
    100329.86155794382,
    100360.73562982683,
    100326.38649691672,
    100352.14957360503,
    100370.38288323049,
    100381.07132860812,
    100376.43199153137,
    100364.18662439768,
    100385.36346649998,
    100399.33834965865,
    100417.3800256984,
    100435.15898541592,
    100434.89887285962,
    100441.04555884254,
    100439.2099180016,
    100446.15307697964,
    100450.66530211607,
    100472.18993245132,
    100489.65943866906,
    100491.58266841924,
    100507.5721225358,
    100496.32474955783,
    100507.52933850886,
    100509.93653724848,
    100525.37904838492,
    100544.410546457,
    100543.15788374175,
    100520.86704533553,
    100565.80497106418,
    100549.43129092753,
    100558.31415106522,
    100573.07472846984,
    100575.43172310787,
    100598.45899924668,
    100589.15950589703,
    100590.46974785835,
    100605.53046935993,
    100602.25712442223,
    100634.71838293593,
    100650.89198386842,
    100651.38444616049,
    100650.90460811033,
    100689.37298961819,
    100679.1526410103,
    100708.52490991355,
    100715.78208901241,
    100720.44761784417,
    100734.02234463066,
    100749.16377502093,
    100761.21925698729,
    100773.91944726449,
    100802.31617873692,
    100813.53159110103,
    100805.7012196729,
    100835.48004804982,
    100841.10299484165,
    100849.3206846052,
    100865.3197199237,
    100861.42702036328,
    100878.89825683285,
    100885.1272527786,
    100886.28167655283,
    100897.22668689517,
    100910.15010086734,
    100898.52540186116,
    100901.80806895852,
    100927.8899750912,
    100934.90094241046,
    100923.39207570395,
    100937.98418394517,
    100921.72775076304,
    100920.04098373346,
    100916.70537958422,
    100901.44485484394,
    100872.6297633122,
    100862.76353591296,
    100872.6874596974,
    100896.34571744555,
    100907.45342134566,
    100918.01780343514,
    100930.83457938946,
    100944.65605515339,
    100956.0353273619,
    100966.20991236798,
    100964.37092882175,
    100977.34766054046,
    100984.64948730114,
    100988.00670436208,
    100990.97258695561,
    100975.4993042871,
    101003.67569655519,
    101009.37434924701,
    101007.70264473271,
    100987.30369730397,
    101012.54834932348,
    101039.69087448884,
    101040.94996956187,
    101059.10038065448,
    101063.76332401588,
    101073.03259569661,
    101081.78307609048,
    101100.78249904553,
    101105.56881723739,
    101111.22985637313,
    101116.66634324373,
    101116.61337817395,
    101108.69649524079,
    101126.55736564026,
    101134.26736178345,
    101149.90958425534,
    101148.05351467596,
    101160.47025470987,
    101151.84279454805,
    101178.5657570983,
    101203.4377319755,
    101211.82382815379,
    101201.68192511036,
    101227.4328997196,
    101248.1794123414,
    101251.18595091795,
    101278.92260377394,
    101277.56440428982,
    101276.55950332273,
    101294.03358949698,
    101306.78618019068,
    101306.30770724503,
    101335.91965847414,
    101321.19773940413,
    101341.91901239507,
    101340.36823252881,
    101360.31354152024,
    101368.519575837,
    101380.20979151654,
    101384.20211922617,
    101391.95223405187,
    101378.21660361833,
    101375.85898575268,
    101380.12173386078,
    101370.90706966881,
    101383.0112640786,
    101408.54858335068,
    101412.31159456586,
    101417.41958614557,
    101425.72278500392,
    101449.08756282051,
    101438.1847101013,
    101434.85042895151,
    101438.17428013984,
    101436.65558027523,
    101430.47494668995,
    101445.4930114729,
    101439.31984574726,
    101461.93722293715,
    101482.7781444482,
    101497.69820231703,
    101519.29864386427,
    101534.1449547585,
    101535.71286298873,
    101531.65498956948,
    101521.83466678663,
    101557.36620157132,
    101566.0592341586,
    101571.88387546239,
    101568.51660424947,
    101586.11970527013,
    101608.36724975416,
    101631.91846969916,
    101630.28040609215,
    101627.64839537443,
    101640.90219257411,
    101649.93353341981,
    101672.22659344092,
    101663.69673801349,
    101682.45541000833,
    101700.64757259592,
    101712.5879180831,
    101714.89912480602,
    101694.32572926507,
    101695.04724610121,
    101711.46896572506,
    101722.46293529081,
    101722.42148495957,
    101734.59241921142,
    101726.86546599827,
    101731.01280122042,
    101731.05062452938,
    101736.85791719041,
    101727.49481246591,
    101724.6640057737,
    101734.3974472186,
    101731.25608431667,
    101750.79128990915,
    101783.80187701632,
    101785.63567993484,
    101798.9449615812,
    101799.34036314405,
    101782.11926674045,
    101780.11138438595,
    101774.50478489009,
    101779.40997293672,
    101798.12443707866,
    101796.50612236952,
    101799.49777643435,
    101793.22211010125,
    101795.54715063437,
    101819.96932304761,
    101829.9573494164,
    101843.1943714206,
    101849.35732314133,
    101867.43633742214,
    101877.40148509541,
    101893.89238394858,
    101910.73340514257,
    101897.94459187654,
    101889.6580296846,
    101908.52672408115,
    101927.3778764028,
    101946.31561353842,
    101969.43042986549,
    101956.67519378405,
    101974.27695765354,
    101980.19191360033,
    102002.6585404835,
    101999.73353517381,
    102005.3223160638,
    102016.22866315898,
    102026.00503331171,
    102037.87643290321,
    102049.95424622735,
    102087.1166306588,
    102098.43353158982,
    102077.56379982526,
    102099.43836200751,
    102097.27668342125,
    102110.01030611557,
    102127.01065276464,
    102121.6703550797,
    102122.07323382585,
    102146.9811493231,
    102155.76366721158,
    102148.16713901151,
    102158.62675248524,
    102170.10233782415,
    102197.17491730156,
    102208.9856583356,
    102236.14200445854,
    102234.44959327132,
    102209.13621695549,
    102214.23951412497,
    102227.16444034118,
    102252.07398473943,
    102262.51181988917,
    102265.88989206302,
    102275.89771376016,
    102292.24548048223,
    102304.82174426875,
    102333.70570471532,
    102354.83914497991,
    102385.45782769514,
    102376.41487454963,
    102390.14287626288,
    102411.25595359686,
    102418.41879137502,
    102427.83359171801,
    102423.32237106645,
    102408.60039456715,
    102387.28078363427,
    102396.8637578266,
    102426.828749211,
    102430.63806671713,
    102426.20682335102,
    102427.64099151063,
    102437.08718735688,
    102446.48540998367,
    102457.69457650887,
    102508.64404523768,
    102522.03040751303,
    102552.08742662023,
    102538.26368839621,
    102543.96064335818,
    102547.4954179123,
    102562.92573044464,
    102565.70151290999,
    102586.94479983719,
    102591.38726097325,
    102585.88272638911,
    102580.10181916838,
    102561.43382007064,
