{
  "selection_criteria": {
    "min_sharpe_ratio": 1.0,
    "min_annual_return": 0.08,
    "max_drawdown": 0.25,
    "min_win_rate": 0.4,
    "min_total_trades": 100,
    "max_volatility": 0.3,
    "min_profit_factor": 1.1,
    "min_calmar_ratio": 0.5,
    "max_var_95": 0.05,
    "max_correlation_threshold": 0.7,
    "min_consistency_score": 0.6,
    "lookback_periods": 12
  },
  "current_selection": [],
  "strategy_weights": {},
  "strategy_metrics": {
    "MA_Crossover": {
      "strategy_name": "MA_Crossover",
      "sharpe_ratio": 1.9343140623554795,
      "annual_return": 0.10519835720167264,
      "max_drawdown": 0.2780734203532643,
      "win_rate": 0.5457555358846223,
      "profit_factor": 1.7970985545756823,
      "calmar_ratio": 0.6477538294137274,
      "sortino_ratio": 2.3070351140417387,
      "volatility": 0.38795421785826956,
      "total_trades": 449,
      "alpha": 0.0028286394184334346,
      "beta": 0.8025646322920437,
      "var_95": 0.026760606082757335,
      "cvar_95": 0.06375541042901406
    },
    "RSI_Momentum": {
      "strategy_name": "RSI_Momentum",
      "sharpe_ratio": 0.8450615132871746,
      "annual_return": 0.2858835274788673,
      "max_drawdown": 0.17409461381918884,
      "win_rate": 0.44993327231198543,
      "profit_factor": 2.0651088943003097,
      "calmar_ratio": 0.4700308593098424,
      "sortino_ratio": 1.247059445170903,
      "volatility": 0.2102409515924401,
      "total_trades": 308,
      "alpha": -0.016394861738702523,
      "beta": 0.6246236347227697,
      "var_95": 0.039866197852548,
      "cvar_95": 0.10751146719979113
    },
    "MACD_Trend": {
      "strategy_name": "MACD_Trend",
      "sharpe_ratio": 1.3325770767144183,
      "annual_return": 0.320410730618469,
      "max_drawdown": 0.29372844892890093,
      "win_rate": 0.461961212686146,
      "profit_factor": 2.048133435970305,
      "calmar_ratio": 0.5593028842815692,
      "sortino_ratio": 1.9305724190903202,
      "volatility": 0.34877250954867534,
      "total_trades": 158,
      "alpha": -0.011452219610881009,
      "beta": 1.2901617583233347,
      "var_95": 0.0329911490338461,
      "cvar_95": 0.04559187457341303
    },
    "Bollinger_Mean_Reversion": {
      "strategy_name": "Bollinger_Mean_Reversion",
      "sharpe_ratio": 1.0541319284418948,
      "annual_return": 0.06514821357003371,
      "max_drawdown": 0.28669862752504816,
      "win_rate": 0.43553325508097884,
      "profit_factor": 1.400273012770648,
      "calmar_ratio": 0.5097285899771136,
      "sortino_ratio": 1.1017244903317152,
      "volatility": 0.37656148572837234,
      "total_trades": 982,
      "alpha": 0.033027696433594336,
      "beta": 0.9658337834017435,
      "var_95": 0.04665458409954058,
      "cvar_95": 0.05506666876672537
    },
    "Momentum_Breakout": {
      "strategy_name": "Momentum_Breakout",
      "sharpe_ratio": 1.5226287028253327,
      "annual_return": 0.22511933228982584,
      "max_drawdown": 0.16165231906373978,
      "win_rate": 0.5840166278594993,
      "profit_factor": 0.8269459747507237,
      "calmar_ratio": 0.6941151162009065,
      "sortino_ratio": 2.2477720277464037,
      "volatility": 0.38975364129164136,
      "total_trades": 822,
      "alpha": 0.022583585842389075,
      "beta": 1.1649133676931105,
      "var_95": 0.07762538317226605,
      "cvar_95": 0.09179165670150395
    },
    "Mean_Reversion": {
      "strategy_name": "Mean_Reversion",
      "sharpe_ratio": 0.5782472717881362,
      "annual_return": 0.32872587904672934,
      "max_drawdown": 0.13832272439809407,
      "win_rate": 0.551173411651096,
      "profit_factor": 1.7037593692157373,
      "calmar_ratio": 0.22221612937812768,
      "sortino_ratio": 0.7974349276124849,
      "volatility": 0.36000283180998016,
      "total_trades": 360,
      "alpha": -0.007931154070096383,
      "beta": 0.9616199253488109,
      "var_95": 0.039417989064755354,
      "cvar_95": 0.07254618750299646
    },
    "Pairs_Trading": {
      "strategy_name": "Pairs_Trading",
      "sharpe_ratio": 1.7098083968247462,
      "annual_return": 0.16722904977278408,
      "max_drawdown": 0.2595184971206926,
      "win_rate": 0.42126815137964135,
      "profit_factor": 1.3455377129140085,
      "calmar_ratio": 1.0012346405403907,
      "sortino_ratio": 2.015599705173315,
      "volatility": 0.38938309946972977,
      "total_trades": 522,
      "alpha": -0.006182737811574215,
      "beta": 1.3277241100288597,
      "var_95": 0.023052427457705697,
      "cvar_95": 0.07612491040444043
    },
    "Volume_Weighted": {
      "strategy_name": "Volume_Weighted",
      "sharpe_ratio": 2.0510627125667797,
      "annual_return": 0.2809460702737894,
      "max_drawdown": 0.28800196331168904,
      "win_rate": 0.6355813466411203,
      "profit_factor": 1.8915047776413247,
      "calmar_ratio": 1.0891377811670901,
      "sortino_ratio": 2.789936127859453,
      "volatility": 0.39751006278433376,
      "total_trades": 933,
      "alpha": -0.004463161658917091,
      "beta": 0.6384146616302065,
      "var_95": 0.028412264823221657,
      "cvar_95": 0.09384308364684713
    },
    "News_Sentiment": {
      "strategy_name": "News_Sentiment",
      "sharpe_ratio": 0.9088803835142663,
      "annual_return": 0.17665319909236582,
      "max_drawdown": 0.1964594937528506,
      "win_rate": 0.38126364113374867,
      "profit_factor": 1.4655792286128957,
      "calmar_ratio": 0.7012764320491985,
      "sortino_ratio": 1.1899252395517985,
      "volatility": 0.17081840124512962,
      "total_trades": 880,
      "alpha": 0.015017337283901356,
      "beta": 1.100205408824304,
      "var_95": 0.043721713947108276,
      "cvar_95": 0.07695283152658458
    },
    "ML_Ensemble": {
      "strategy_name": "ML_Ensemble",
      "sharpe_ratio": 0.6284053591140588,
      "annual_return": 0.09192237596540227,
      "max_drawdown": 0.1769108256558754,
      "win_rate": 0.36392991360308574,
      "profit_factor": 2.4698913078661864,
      "calmar_ratio": 0.27689604880173263,
      "sortino_ratio": 0.7644196072641292,
      "volatility": 0.1781451829688784,
      "total_trades": 547,
      "alpha": -0.019578160627465042,
      "beta": 1.4745355559949855,
      "var_95": 0.02738394041013193,
      "cvar_95": 0.08987569233619108
    }
  },
  "selection_history": [
    {
      "timestamp": "2025-08-16 07:11:08.285729",
      "method": "composite_score",
      "weighting_method": "equal_weight",
      "selected_strategies": [],
      "weights": {},
      "selection_criteria": {
        "min_sharpe_ratio": 1.0,
        "min_annual_return": 0.08,
        "max_drawdown": 0.25,
        "min_win_rate": 0.4,
        "min_total_trades": 100,
        "max_volatility": 0.3,
        "min_profit_factor": 1.1,
        "min_calmar_ratio": 0.5,
        "max_var_95": 0.05,
        "max_correlation_threshold": 0.7,
        "min_consistency_score": 0.6,
        "lookback_periods": 12
      }
    },
    {
      "timestamp": "2025-08-16 07:11:08.285729",
      "method": "diversification",
      "weighting_method": "inverse_volatility",
      "selected_strategies": [],
      "weights": {},
      "selection_criteria": {
        "min_sharpe_ratio": 1.0,
        "min_annual_return": 0.08,
        "max_drawdown": 0.25,
        "min_win_rate": 0.4,
        "min_total_trades": 100,
        "max_volatility": 0.3,
        "min_profit_factor": 1.1,
        "min_calmar_ratio": 0.5,
        "max_var_95": 0.05,
        "max_correlation_threshold": 0.7,
        "min_consistency_score": 0.6,
        "lookback_periods": 12
      }
    },
    {
      "timestamp": "2025-08-16 07:11:08.285729",
      "method": "sharpe_ratio",
      "weighting_method": "risk_parity",
      "selected_strategies": [],
      "weights": {},
      "selection_criteria": {
        "min_sharpe_ratio": 1.0,
        "min_annual_return": 0.08,
        "max_drawdown": 0.25,
        "min_win_rate": 0.4,
        "min_total_trades": 100,
        "max_volatility": 0.3,
        "min_profit_factor": 1.1,